[
  {
    "id": "669066d9-fe7e-43b3-ac42-1ab3596f80c9",
    "data": [
      {
        "text": "is it the ",
        "userDefined": false
      },
      {
        "text": "21st of February",
        "alias": "date",
        "meta": "@sys.date",
        "userDefined": true
      }
    ],
    "isTemplate": false,
    "count": 0,
    "updated": 0
  },
  {
    "id": "39e8d737-222e-4ff2-8620-d79e2d2bff09",
    "data": [
      {
        "text": "check if it\u0027s ",
        "userDefined": false
      },
      {
        "text": "Monday",
        "alias": "date",
        "meta": "@sys.date",
        "userDefined": true
      },
      {
        "text": " in ",
        "userDefined": false
      },
      {
        "text": "Luxembourg",
        "alias": "location",
        "meta": "@sys.location",
        "userDefined": true
      }
    ],
    "isTemplate": false,
    "count": 0,
    "updated": 0
  },
  {
    "id": "59827496-ffd5-4f8f-b357-0c0098018b27",
    "data": [
      {
        "text": "is it ",
        "userDefined": false
      },
      {
        "text": "June 19th",
        "alias": "date",
        "meta": "@sys.date",
        "userDefined": true
      }
    ],
    "isTemplate": false,
    "count": 0,
    "updated": 0
  },
  {
    "id": "7f088e04-55c7-46e5-95c0-632ae48b85dd",
    "data": [
      {
        "text": "is today ",
        "userDefined": false
      },
      {
        "text": "28th",
        "alias": "date",
        "meta": "@sys.date",
        "userDefined": true
      }
    ],
    "isTemplate": false,
    "count": 0,
    "updated": 0
  },
  {
    "id": "70d8c157-a61d-45b9-979e-7051b5b6d00d",
    "data": [
      {
        "text": "tell me is it ",
        "userDefined": false
      },
      {
        "text": "September 8",
        "alias": "date",
        "meta": "@sys.date",
        "userDefined": true
      },
      {
        "text": " in ",
        "userDefined": false
      },
      {
        "text": "Munich",
        "alias": "location",
        "meta": "@sys.location",
        "userDefined": true
      }
    ],
    "isTemplate": false,
    "count": 0,
    "updated": 0
  }
]