[
  {
    "id": "9ac5156d-7398-47a1-8565-7e0b49de0f52",
    "data": [
      {
        "text": "calculate number of ",
        "userDefined": false
      },
      {
        "text": "days",
        "alias": "unit",
        "meta": "@unit-time",
        "userDefined": true
      },
      {
        "text": " before ",
        "userDefined": false
      },
      {
        "text": "July 22",
        "alias": "date",
        "meta": "@sys.date",
        "userDefined": true
      }
    ],
    "isTemplate": false,
    "count": 1,
    "updated": 0
  },
  {
    "id": "d61e48f7-8ffd-4c47-8126-984499deb8e3",
    "data": [
      {
        "text": "how long until ",
        "userDefined": false
      },
      {
        "text": "November 13",
        "alias": "date",
        "meta": "@sys.date",
        "userDefined": true
      }
    ],
    "isTemplate": false,
    "count": 0,
    "updated": 0
  },
  {
    "id": "fbf2627c-13a8-4c7b-b537-1211465d7087",
    "data": [
      {
        "text": "tell me how many ",
        "userDefined": false
      },
      {
        "text": "weeks",
        "alias": "unit",
        "meta": "@unit-time",
        "userDefined": true
      },
      {
        "text": " do we have before ",
        "userDefined": false
      },
      {
        "text": "April 11th",
        "alias": "date",
        "meta": "@sys.date",
        "userDefined": true
      }
    ],
    "isTemplate": false,
    "count": 0,
    "updated": 0
  },
  {
    "id": "80d6ad8d-ac13-4dbe-bdf4-be80f9fead7f",
    "data": [
      {
        "text": "how many ",
        "userDefined": false
      },
      {
        "text": "hours",
        "alias": "unit",
        "meta": "@unit-time",
        "userDefined": true
      },
      {
        "text": " until ",
        "userDefined": false
      },
      {
        "text": "tomorrow",
        "alias": "date",
        "meta": "@sys.date",
        "userDefined": true
      }
    ],
    "isTemplate": false,
    "count": 0,
    "updated": 0
  },
  {
    "id": "5c56bfce-c969-4b45-bbb7-bdc737adb513",
    "data": [
      {
        "text": "how many ",
        "userDefined": false
      },
      {
        "text": "days",
        "alias": "unit",
        "meta": "@unit-time",
        "userDefined": true
      },
      {
        "text": " until ",
        "userDefined": false
      },
      {
        "text": "Friday",
        "alias": "date",
        "meta": "@sys.date",
        "userDefined": true
      }
    ],
    "isTemplate": false,
    "count": 0,
    "updated": 0
  },
  {
    "id": "e61d84bd-595a-416b-b1c2-53c0e3543828",
    "data": [
      {
        "text": "check how many ",
        "userDefined": false
      },
      {
        "text": "weeks",
        "alias": "unit",
        "meta": "@unit-time",
        "userDefined": true
      },
      {
        "text": " till ",
        "userDefined": false
      },
      {
        "text": "September 5th",
        "alias": "date",
        "meta": "@sys.date",
        "userDefined": true
      }
    ],
    "isTemplate": false,
    "count": 0,
    "updated": 0
  },
  {
    "id": "4bb2845f-e58d-4b42-8672-d385100c53a5",
    "data": [
      {
        "text": "days",
        "alias": "unit",
        "meta": "@unit-time",
        "userDefined": true
      },
      {
        "text": " until ",
        "userDefined": false
      },
      {
        "text": "January 1st",
        "alias": "date",
        "meta": "@sys.date",
        "userDefined": true
      }
    ],
    "isTemplate": false,
    "count": 0,
    "updated": 0
  }
]