[
  {
    "id": "5f925478-1a7f-4b01-8b07-9e375fd535f2",
    "data": [
      {
        "text": "how many ",
        "userDefined": false
      },
      {
        "text": "days",
        "alias": "unit",
        "meta": "@unit-time",
        "userDefined": true
      },
      {
        "text": " passed after ",
        "userDefined": false
      },
      {
        "text": "New Year",
        "alias": "holiday",
        "meta": "@holiday",
        "userDefined": true
      }
    ],
    "isTemplate": false,
    "count": 0,
    "updated": 0
  },
  {
    "id": "589a1269-785e-4034-8eca-778597824ef8",
    "data": [
      {
        "text": "what\u0027s the number of ",
        "userDefined": false
      },
      {
        "text": "days",
        "alias": "unit",
        "meta": "@unit-time",
        "userDefined": true
      },
      {
        "text": " since ",
        "userDefined": false
      },
      {
        "text": "Thanksgiving",
        "alias": "holiday",
        "meta": "@holiday",
        "userDefined": true
      }
    ],
    "isTemplate": false,
    "count": 0,
    "updated": 0
  },
  {
    "id": "224c9783-ddf9-422a-aa9f-266ebb45aa4d",
    "data": [
      {
        "text": "number of ",
        "userDefined": false
      },
      {
        "text": "days",
        "alias": "unit",
        "meta": "@unit-time",
        "userDefined": true
      },
      {
        "text": " since ",
        "userDefined": false
      },
      {
        "text": "Christmas",
        "alias": "holiday",
        "meta": "@holiday",
        "userDefined": true
      }
    ],
    "isTemplate": false,
    "count": 0,
    "updated": 0
  },
  {
    "id": "99ca6519-827f-4878-abc6-3563b78e9367",
    "data": [
      {
        "text": "tell me how many ",
        "userDefined": false
      },
      {
        "text": "months",
        "alias": "unit",
        "meta": "@unit-time",
        "userDefined": true
      },
      {
        "text": " after ",
        "userDefined": false
      },
      {
        "text": "St Patrick\u0027s Day",
        "alias": "holiday",
        "meta": "@holiday",
        "userDefined": true
      }
    ],
    "isTemplate": false,
    "count": 0,
    "updated": 0
  },
  {
    "id": "8ddf2223-465c-491f-98ce-710fd774bd90",
    "data": [
      {
        "text": "do you know how many ",
        "userDefined": false
      },
      {
        "text": "months",
        "alias": "unit",
        "meta": "@unit-time",
        "userDefined": true
      },
      {
        "text": " passed after ",
        "userDefined": false
      },
      {
        "text": "Easter",
        "alias": "holiday",
        "meta": "@holiday",
        "userDefined": true
      }
    ],
    "isTemplate": false,
    "count": 0,
    "updated": 0
  }
]