[
  {
    "id": "2fc808c3-511c-4f0c-b787-c739a3a6e596",
    "data": [
      {
        "text": "is ",
        "userDefined": false
      },
      {
        "text": "it",
        "meta": "@sys.ignore",
        "userDefined": false
      },
      {
        "text": " ",
        "userDefined": false
      },
      {
        "text": "Christmas",
        "alias": "holiday",
        "meta": "@holiday",
        "userDefined": false
      },
      {
        "text": " ",
        "userDefined": false
      },
      {
        "text": "today",
        "alias": "date",
        "meta": "@sys.date",
        "userDefined": false
      }
    ],
    "isTemplate": false,
    "count": 0,
    "updated": 0
  },
  {
    "id": "c6d6a851-f24c-44db-abef-28486b3162b8",
    "data": [
      {
        "text": "could you tell me if ",
        "userDefined": false
      },
      {
        "text": "Christmas",
        "alias": "holiday",
        "meta": "@holiday",
        "userDefined": true
      },
      {
        "text": " is on ",
        "userDefined": false
      },
      {
        "text": "December 25",
        "alias": "date",
        "meta": "@sys.date",
        "userDefined": true
      }
    ],
    "isTemplate": false,
    "count": 0,
    "updated": 0
  },
  {
    "id": "dfcb3f34-ec46-44de-80f1-f7671236e592",
    "data": [
      {
        "text": "tell me if ",
        "userDefined": false
      },
      {
        "text": "December 24",
        "alias": "date",
        "meta": "@sys.date",
        "userDefined": true
      },
      {
        "text": " is ",
        "userDefined": false
      },
      {
        "text": "Christmas",
        "alias": "holiday",
        "meta": "@holiday",
        "userDefined": true
      }
    ],
    "isTemplate": false,
    "count": 0,
    "updated": 0
  },
  {
    "id": "e63dae35-ca2d-470e-8c2c-ecbfa96cad36",
    "data": [
      {
        "text": "check if ",
        "userDefined": false
      },
      {
        "text": "Halloween",
        "alias": "holiday",
        "meta": "@holiday",
        "userDefined": true
      },
      {
        "text": " is on ",
        "userDefined": false
      },
      {
        "text": "November 30",
        "alias": "date",
        "meta": "@sys.date",
        "userDefined": true
      },
      {
        "text": " this year",
        "userDefined": false
      }
    ],
    "isTemplate": false,
    "count": 0,
    "updated": 0
  },
  {
    "id": "c9fae53c-e55b-47c4-915b-c0c19969c82d",
    "data": [
      {
        "text": "is ",
        "userDefined": false
      },
      {
        "text": "New Year",
        "alias": "holiday",
        "meta": "@holiday",
        "userDefined": false
      },
      {
        "text": " celebrated on the ",
        "userDefined": false
      },
      {
        "text": "1st of January",
        "alias": "date",
        "meta": "@sys.date",
        "userDefined": false
      }
    ],
    "isTemplate": false,
    "count": 0,
    "updated": 0
  },
  {
    "id": "4448d128-3df9-4cca-a3c8-2c8eeaaa328f",
    "data": [
      {
        "text": "is ",
        "userDefined": false
      },
      {
        "text": "Columbus Day",
        "alias": "holiday",
        "meta": "@holiday",
        "userDefined": true
      },
      {
        "text": " ",
        "userDefined": false
      },
      {
        "text": "tomorrow",
        "alias": "date",
        "meta": "@sys.date",
        "userDefined": true
      }
    ],
    "isTemplate": false,
    "count": 0,
    "updated": 0
  },
  {
    "id": "6aa159eb-d246-4ae7-9a3c-c179f27e24ee",
    "data": [
      {
        "text": "is ",
        "userDefined": false
      },
      {
        "text": "Thanksgiving",
        "alias": "holiday",
        "meta": "@holiday",
        "userDefined": false
      },
      {
        "text": " on ",
        "userDefined": false
      },
      {
        "text": "November 24",
        "alias": "date",
        "meta": "@sys.date",
        "userDefined": false
      }
    ],
    "isTemplate": false,
    "count": 0,
    "updated": 0
  },
  {
    "id": "055d4d3e-17af-4ffb-8b31-d82dc663dcf2",
    "data": [
      {
        "text": "Mother\u0027s day",
        "alias": "holiday",
        "meta": "@holiday",
        "userDefined": true
      },
      {
        "text": " is on ",
        "userDefined": false
      },
      {
        "text": "March 10",
        "alias": "date",
        "meta": "@sys.date",
        "userDefined": true
      },
      {
        "text": " right",
        "userDefined": false
      }
    ],
    "isTemplate": false,
    "count": 0,
    "updated": 0
  }
]