[
  {
    "id": "0aabaa46-87e0-472b-9726-595096fcbb7f",
    "data": [
      {
        "text": "can you tell me the date",
        "userDefined": false
      }
    ],
    "isTemplate": false,
    "count": 0,
    "updated": 0
  },
  {
    "id": "cf529b9f-48df-477f-afe2-f69f06ab49c2",
    "data": [
      {
        "text": "current date",
        "userDefined": false
      }
    ],
    "isTemplate": false,
    "count": 0,
    "updated": 0
  },
  {
    "id": "6c1aa0ab-7bf1-4b5c-b66a-d9c4617b9607",
    "data": [
      {
        "text": "what is the date",
        "userDefined": false
      }
    ],
    "isTemplate": false,
    "count": 0,
    "updated": 0
  },
  {
    "id": "e8381fbc-2378-4fa2-a4fe-21fa74c3e5c8",
    "data": [
      {
        "text": "what ",
        "userDefined": false
      },
      {
        "text": "day",
        "meta": "@sys.ignore",
        "userDefined": false
      },
      {
        "text": " is it",
        "userDefined": false
      }
    ],
    "isTemplate": false,
    "count": 0,
    "updated": 0
  },
  {
    "id": "3f4fabab-e270-4b14-8b51-a30aa2862dc9",
    "data": [
      {
        "text": "what day was ",
        "userDefined": false
      },
      {
        "text": "yesterday",
        "alias": "date",
        "meta": "@sys.date",
        "userDefined": true
      }
    ],
    "isTemplate": false,
    "count": 0,
    "updated": 0
  },
  {
    "id": "b2c654ab-17e6-45a1-bc5c-c71fae18e902",
    "data": [
      {
        "text": "the date",
        "userDefined": false
      }
    ],
    "isTemplate": false,
    "count": 0,
    "updated": 0
  },
  {
    "id": "d48f9820-ffb0-40f5-8223-cc9ecb2f5205",
    "data": [
      {
        "text": "tomorrow",
        "alias": "date",
        "meta": "@sys.date",
        "userDefined": false
      },
      {
        "text": "\u0027s date",
        "userDefined": false
      }
    ],
    "isTemplate": false,
    "count": 0,
    "updated": 0
  },
  {
    "id": "a3c3653b-bffc-49cc-9ebe-e181436d6b33",
    "data": [
      {
        "text": "what is the ",
        "userDefined": false
      },
      {
        "text": "day after tomorrow",
        "alias": "date",
        "meta": "@sys.date",
        "userDefined": true
      }
    ],
    "isTemplate": false,
    "count": 0,
    "updated": 0
  },
  {
    "id": "ecb45ad6-9741-49f6-96a7-59ad1dd50489",
    "data": [
      {
        "text": "what is the current date",
        "userDefined": false
      }
    ],
    "isTemplate": false,
    "count": 0,
    "updated": 0
  },
  {
    "id": "41de4fa1-ceee-46c9-93cd-dc7abc1a0dfa",
    "data": [
      {
        "text": "date now",
        "userDefined": false
      }
    ],
    "isTemplate": false,
    "count": 0,
    "updated": 0
  },
  {
    "id": "175de9c6-99bc-4e49-baf3-1f3d56304fea",
    "data": [
      {
        "text": "what date is ",
        "userDefined": false
      },
      {
        "text": "today",
        "alias": "date",
        "meta": "@sys.date",
        "userDefined": false
      }
    ],
    "isTemplate": false,
    "count": 0,
    "updated": 0
  },
  {
    "id": "96b59693-b0ff-4276-83d9-2ef7f137371a",
    "data": [
      {
        "text": "do you know what ",
        "userDefined": false
      },
      {
        "text": "day",
        "meta": "@sys.ignore",
        "userDefined": false
      },
      {
        "text": " is it",
        "userDefined": false
      }
    ],
    "isTemplate": false,
    "count": 0,
    "updated": 0
  },
  {
    "id": "808a511f-0792-460c-a673-42b6232b62f0",
    "data": [
      {
        "text": "what date is it on ",
        "userDefined": false
      },
      {
        "text": "Thursday",
        "alias": "date",
        "meta": "@sys.date",
        "userDefined": true
      }
    ],
    "isTemplate": false,
    "count": 0,
    "updated": 0
  },
  {
    "id": "9fa8f4b1-8c97-4572-b1ec-9c43eab0d12a",
    "data": [
      {
        "text": "what date is the ",
        "userDefined": false
      },
      {
        "text": "next Friday",
        "alias": "date",
        "meta": "@sys.date",
        "userDefined": true
      }
    ],
    "isTemplate": false,
    "count": 0,
    "updated": 0
  },
  {
    "id": "832aa4d1-85de-4852-975f-a0100bc452c8",
    "data": [
      {
        "text": "what date is ",
        "userDefined": false
      },
      {
        "text": "tomorrow",
        "alias": "date",
        "meta": "@sys.date",
        "userDefined": true
      }
    ],
    "isTemplate": false,
    "count": 0,
    "updated": 0
  },
  {
    "id": "f377b883-32b1-4549-90a5-8e6ab1c2ec95",
    "data": [
      {
        "text": "what will be the date ",
        "userDefined": false
      },
      {
        "text": "30 days from now",
        "alias": "date",
        "meta": "@sys.date",
        "userDefined": true
      }
    ],
    "isTemplate": false,
    "count": 0,
    "updated": 0
  },
  {
    "id": "3196370a-d6a3-42e0-8232-bda13af3ae42",
    "data": [
      {
        "text": "tell me the date ",
        "userDefined": false
      },
      {
        "text": "19 weeks from today",
        "alias": "date",
        "meta": "@sys.date",
        "userDefined": true
      }
    ],
    "isTemplate": false,
    "count": 0,
    "updated": 0
  },
  {
    "id": "99e5b5bc-dc60-49d3-ad31-390a6a4dfa33",
    "data": [
      {
        "text": "do you know what ",
        "userDefined": false
      },
      {
        "text": "day",
        "meta": "@sys.ignore",
        "userDefined": false
      },
      {
        "text": " it is",
        "userDefined": false
      }
    ],
    "isTemplate": false,
    "count": 0,
    "updated": 0
  },
  {
    "id": "d5aa73a0-6204-43a4-b5d4-1aae4315ef4c",
    "data": [
      {
        "text": "date ",
        "userDefined": false
      },
      {
        "text": "today",
        "alias": "date",
        "meta": "@sys.date",
        "userDefined": false
      }
    ],
    "isTemplate": false,
    "count": 0,
    "updated": 0
  },
  {
    "id": "b93851d9-dd01-4be6-b558-1e95d3be9401",
    "data": [
      {
        "text": "show me the date",
        "userDefined": false
      }
    ],
    "isTemplate": false,
    "count": 0,
    "updated": 0
  },
  {
    "id": "3505ad1d-193c-4bde-8946-5cced43b740e",
    "data": [
      {
        "text": "today\u0027s",
        "alias": "date",
        "meta": "@sys.date",
        "userDefined": true
      },
      {
        "text": " date",
        "userDefined": false
      }
    ],
    "isTemplate": false,
    "count": 0,
    "updated": 0
  }
]