[
  {
    "id": "a1a20431-c7a3-4fd9-ae78-8d088de55cde",
    "data": [
      {
        "text": "when is ",
        "userDefined": false
      },
      {
        "text": "Thanksgiving",
        "alias": "holiday",
        "meta": "@holiday",
        "userDefined": true
      },
      {
        "text": " ",
        "userDefined": false
      },
      {
        "text": "this year",
        "alias": "date",
        "meta": "@sys.date-time",
        "userDefined": true
      }
    ],
    "isTemplate": false,
    "count": 0,
    "updated": 0
  },
  {
    "id": "87d748b2-1f0c-47d9-90b9-1aa1d0d2afd4",
    "data": [
      {
        "text": "when was ",
        "userDefined": false
      },
      {
        "text": "Christmas",
        "alias": "holiday",
        "meta": "@holiday",
        "userDefined": true
      }
    ],
    "isTemplate": false,
    "count": 0,
    "updated": 0
  },
  {
    "id": "ef623045-3390-4df5-bfe0-187e2d105005",
    "data": [
      {
        "text": "what is the date ",
        "userDefined": false
      },
      {
        "text": "of",
        "meta": "@sys.ignore",
        "userDefined": false
      },
      {
        "text": " ",
        "userDefined": false
      },
      {
        "text": "Labour Day",
        "alias": "holiday",
        "meta": "@holiday",
        "userDefined": true
      },
      {
        "text": " in ",
        "userDefined": false
      },
      {
        "text": "2018",
        "alias": "date",
        "meta": "@sys.date-time",
        "userDefined": true
      }
    ],
    "isTemplate": false,
    "count": 0,
    "updated": 0
  },
  {
    "id": "822ad6f4-5d96-44bf-bc74-48617e3a7874",
    "data": [
      {
        "text": "Columbus Day",
        "alias": "holiday",
        "meta": "@holiday",
        "userDefined": true
      },
      {
        "text": " ",
        "userDefined": false
      },
      {
        "text": "2018",
        "alias": "date",
        "meta": "@sys.date-time",
        "userDefined": true
      }
    ],
    "isTemplate": false,
    "count": 0,
    "updated": 0
  },
  {
    "id": "8ed6f9ad-f15a-4a94-b9e8-c7246a75eedc",
    "data": [
      {
        "text": "Halloween",
        "alias": "holiday",
        "meta": "@holiday",
        "userDefined": false
      },
      {
        "text": " date",
        "userDefined": false
      }
    ],
    "isTemplate": false,
    "count": 0,
    "updated": 0
  },
  {
    "id": "93884524-879f-447f-9fbd-325cc767177e",
    "data": [
      {
        "text": "what is the date of ",
        "userDefined": false
      },
      {
        "text": "Columbus day",
        "alias": "holiday",
        "meta": "@holiday",
        "userDefined": true
      },
      {
        "text": " in ",
        "userDefined": false
      },
      {
        "text": "2015",
        "alias": "date",
        "meta": "@sys.date-time",
        "userDefined": true
      }
    ],
    "isTemplate": false,
    "count": 0,
    "updated": 0
  },
  {
    "id": "3c3f8071-4f2e-49c3-9f92-b488cab9220e",
    "data": [
      {
        "text": "Independence Day",
        "alias": "holiday",
        "meta": "@holiday",
        "userDefined": true
      },
      {
        "text": " ",
        "userDefined": false
      },
      {
        "text": "2013",
        "alias": "date",
        "meta": "@sys.date-time",
        "userDefined": true
      },
      {
        "text": " date",
        "userDefined": false
      }
    ],
    "isTemplate": false,
    "count": 0,
    "updated": 0
  },
  {
    "id": "bf777722-bca3-4bc1-b8f1-61a3cd98df97",
    "data": [
      {
        "text": "I wonder when is ",
        "userDefined": false
      },
      {
        "text": "Saint Patrick\u0027s day",
        "alias": "holiday",
        "meta": "@holiday",
        "userDefined": true
      }
    ],
    "isTemplate": false,
    "count": 0,
    "updated": 0
  },
  {
    "id": "dc56e7a8-a097-4fb7-a4b0-4da2af2515ad",
    "data": [
      {
        "text": "when is ",
        "userDefined": false
      },
      {
        "text": "Valentine\u0027s Day",
        "alias": "holiday",
        "meta": "@holiday",
        "userDefined": true
      }
    ],
    "isTemplate": false,
    "count": 0,
    "updated": 0
  }
]