[
  {
    "id": "9f871005-d879-401b-bef2-8e34108e507e",
    "data": [
      {
        "text": "I want ",
        "userDefined": false
      },
      {
        "text": "to",
        "meta": "@sys.ignore",
        "userDefined": false
      },
      {
        "text": " know ",
        "userDefined": false
      },
      {
        "text": "the",
        "meta": "@sys.ignore",
        "userDefined": false
      },
      {
        "text": " ",
        "userDefined": false
      },
      {
        "text": "current year",
        "meta": "@sys.ignore",
        "userDefined": false
      }
    ],
    "isTemplate": false,
    "count": 0,
    "updated": 0
  },
  {
    "id": "e6a4fa25-9588-43eb-9504-674fad50faed",
    "data": [
      {
        "text": "current year",
        "meta": "@sys.ignore",
        "userDefined": false
      }
    ],
    "isTemplate": false,
    "count": 0,
    "updated": 0
  },
  {
    "id": "3cdc0934-6c16-4d2c-a80d-f676afe9ffcf",
    "data": [
      {
        "text": "tell me the current ",
        "userDefined": false
      },
      {
        "text": "year",
        "meta": "@sys.ignore",
        "userDefined": true
      }
    ],
    "isTemplate": false,
    "count": 0,
    "updated": 0
  },
  {
    "id": "bae8f5ab-1a9c-46d9-b05a-1d5e7ddfd0bd",
    "data": [
      {
        "text": "what year is it",
        "userDefined": false
      }
    ],
    "isTemplate": false,
    "count": 0,
    "updated": 0
  },
  {
    "id": "e88a4cb8-f70a-4868-88e7-cc4649d3fe3b",
    "data": [
      {
        "text": "what is the current ",
        "userDefined": false
      },
      {
        "text": "year",
        "meta": "@sys.ignore",
        "userDefined": true
      }
    ],
    "isTemplate": false,
    "count": 0,
    "updated": 0
  },
  {
    "id": "28d00c27-d023-42e8-9413-5a66cd4bb9bc",
    "data": [
      {
        "text": "I wonder which ",
        "userDefined": false
      },
      {
        "text": "year",
        "meta": "@sys.ignore",
        "userDefined": false
      },
      {
        "text": " are ",
        "userDefined": false
      },
      {
        "text": "we",
        "meta": "@sys.ignore",
        "userDefined": false
      },
      {
        "text": " in",
        "userDefined": false
      }
    ],
    "isTemplate": false,
    "count": 0,
    "updated": 0
  },
  {
    "id": "972ac0bc-e258-4438-8404-4f72580226a4",
    "data": [
      {
        "text": "year now",
        "userDefined": false
      }
    ],
    "isTemplate": false,
    "count": 1,
    "updated": 0
  },
  {
    "id": "3448acc6-a825-42bf-afee-b83532ced90a",
    "data": [
      {
        "text": "what ",
        "userDefined": false
      },
      {
        "text": "year",
        "meta": "@sys.ignore",
        "userDefined": true
      },
      {
        "text": " is ",
        "userDefined": false
      },
      {
        "text": "it",
        "meta": "@sys.ignore",
        "userDefined": true
      },
      {
        "text": " ",
        "userDefined": false
      },
      {
        "text": "today",
        "meta": "@sys.ignore",
        "userDefined": true
      }
    ],
    "isTemplate": false,
    "count": 0,
    "updated": 0
  }
]