[
  {
    "id": "7f8444fc-b3b9-4e0b-90f6-504b4b939760",
    "data": [
      {
        "text": "check if ",
        "userDefined": false
      },
      {
        "text": "it",
        "meta": "@sys.ignore",
        "userDefined": true
      },
      {
        "text": "\u0027s ",
        "userDefined": false
      },
      {
        "text": "April",
        "alias": "date-period",
        "meta": "@sys.date-period",
        "userDefined": true
      }
    ],
    "isTemplate": false,
    "count": 0,
    "updated": 0
  },
  {
    "id": "d9323bef-cc6f-4aab-ac66-35ef4652ef36",
    "data": [
      {
        "text": "do you know if it\u0027s ",
        "userDefined": false
      },
      {
        "text": "March",
        "alias": "date-period",
        "meta": "@sys.date-period",
        "userDefined": true
      },
      {
        "text": " now",
        "userDefined": false
      }
    ],
    "isTemplate": false,
    "count": 0,
    "updated": 0
  },
  {
    "id": "0b07ab12-0f4b-4a40-95be-280252973679",
    "data": [
      {
        "text": "is ",
        "userDefined": false
      },
      {
        "text": "it",
        "meta": "@sys.ignore",
        "userDefined": true
      },
      {
        "text": " ",
        "userDefined": false
      },
      {
        "text": "May",
        "alias": "date-period",
        "meta": "@sys.date-period",
        "userDefined": true
      }
    ],
    "isTemplate": false,
    "count": 0,
    "updated": 0
  },
  {
    "id": "4858aafb-9d4f-45ea-bc3f-6515fc461c99",
    "data": [
      {
        "text": "February",
        "alias": "date-period",
        "meta": "@sys.date-period",
        "userDefined": true
      },
      {
        "text": " is coming isn\u0027t it",
        "userDefined": false
      }
    ],
    "isTemplate": false,
    "count": 0,
    "updated": 0
  },
  {
    "id": "2ebf70db-99be-4a03-8bc1-e1d8a945e898",
    "data": [
      {
        "text": "could you tell if it\u0027s ",
        "userDefined": false
      },
      {
        "text": "May",
        "alias": "date-period",
        "meta": "@sys.date-period",
        "userDefined": true
      },
      {
        "text": " now",
        "userDefined": false
      }
    ],
    "isTemplate": false,
    "count": 0,
    "updated": 0
  },
  {
    "id": "7ceeb379-0638-4021-b904-d711b7d4a17d",
    "data": [
      {
        "text": "is ",
        "userDefined": false
      },
      {
        "text": "it",
        "meta": "@sys.ignore",
        "userDefined": true
      },
      {
        "text": " ",
        "userDefined": false
      },
      {
        "text": "August",
        "alias": "date-period",
        "meta": "@sys.date-period",
        "userDefined": true
      },
      {
        "text": " already",
        "userDefined": false
      }
    ],
    "isTemplate": false,
    "count": 0,
    "updated": 0
  },
  {
    "id": "850d14f8-cb79-407d-96d7-3b02cf25a8eb",
    "data": [
      {
        "text": "tell me if it\u0027s ",
        "userDefined": false
      },
      {
        "text": "July",
        "alias": "date-period",
        "meta": "@sys.date-period",
        "userDefined": true
      }
    ],
    "isTemplate": false,
    "count": 0,
    "updated": 0
  },
  {
    "id": "2d0cd25f-f3d4-4286-9043-4581f96a07b1",
    "data": [
      {
        "text": "is ",
        "userDefined": false
      },
      {
        "text": "it",
        "meta": "@sys.ignore",
        "userDefined": true
      },
      {
        "text": " still ",
        "userDefined": false
      },
      {
        "text": "June",
        "alias": "date-period",
        "meta": "@sys.date-period",
        "userDefined": true
      }
    ],
    "isTemplate": false,
    "count": 0,
    "updated": 0
  },
  {
    "id": "43ac2a70-261e-41e2-9a48-83468d3695e0",
    "data": [
      {
        "text": "today is ",
        "userDefined": false
      },
      {
        "text": "February",
        "alias": "date-period",
        "meta": "@sys.date-period",
        "userDefined": true
      }
    ],
    "isTemplate": false,
    "count": 0,
    "updated": 0
  },
  {
    "id": "cd583410-1b19-458c-bee4-c845d277a7cf",
    "data": [
      {
        "text": "it\u0027s ",
        "userDefined": false
      },
      {
        "text": "December",
        "alias": "date-period",
        "meta": "@sys.date-period",
        "userDefined": true
      },
      {
        "text": " right",
        "userDefined": false
      }
    ],
    "isTemplate": false,
    "count": 0,
    "updated": 0
  }
]