[
  {
    "id": "9a9f1abf-5b3f-494d-94a3-d5f2a2e1c124",
    "data": [
      {
        "text": "can you check ",
        "userDefined": false
      },
      {
        "text": "Glasgow",
        "alias": "location",
        "meta": "@sys.location",
        "userDefined": true
      },
      {
        "text": " too",
        "userDefined": false
      }
    ],
    "isTemplate": false,
    "count": 0,
    "updated": 0
  },
  {
    "id": "19267009-cc85-4a40-9270-b037d506ee2a",
    "data": [
      {
        "text": "in ",
        "userDefined": false
      },
      {
        "text": "Moscow",
        "alias": "location",
        "meta": "@sys.location",
        "userDefined": true
      },
      {
        "text": " too",
        "userDefined": false
      }
    ],
    "isTemplate": false,
    "count": 0,
    "updated": 0
  },
  {
    "id": "206dc642-1054-467f-8d72-5716ae4dee4c",
    "data": [
      {
        "text": "Tokyo",
        "alias": "location",
        "meta": "@sys.location",
        "userDefined": true
      }
    ],
    "isTemplate": false,
    "count": 0,
    "updated": 0
  },
  {
    "id": "b9491b57-8eee-4fac-81e6-0d2730dbcd6a",
    "data": [
      {
        "text": "can you check it for ",
        "userDefined": false
      },
      {
        "text": "Toronto",
        "alias": "location",
        "meta": "@sys.location",
        "userDefined": true
      }
    ],
    "isTemplate": false,
    "count": 0,
    "updated": 0
  },
  {
    "id": "7cc48e8e-f697-4251-8b9d-d5ba58001634",
    "data": [
      {
        "text": "could you check ",
        "userDefined": false
      },
      {
        "text": "Paris",
        "alias": "location",
        "meta": "@sys.location",
        "userDefined": true
      },
      {
        "text": " now",
        "userDefined": false
      }
    ],
    "isTemplate": false,
    "count": 0,
    "updated": 0
  },
  {
    "id": "c19b8b4c-e2ae-44a9-96c6-cf326b240635",
    "data": [
      {
        "text": "now ",
        "userDefined": false
      },
      {
        "text": "New York",
        "alias": "location",
        "meta": "@sys.location",
        "userDefined": true
      }
    ],
    "isTemplate": false,
    "count": 0,
    "updated": 0
  },
  {
    "id": "b57c4890-71df-4990-a3a9-4072c123e21e",
    "data": [
      {
        "text": "what about ",
        "userDefined": false
      },
      {
        "text": "Munich",
        "alias": "location",
        "meta": "@sys.location",
        "userDefined": true
      }
    ],
    "isTemplate": false,
    "count": 0,
    "updated": 0
  },
  {
    "id": "8a4e4d1b-f752-497e-b414-a4977be52c0a",
    "data": [
      {
        "text": "in ",
        "userDefined": false
      },
      {
        "text": "Vienna",
        "alias": "location",
        "meta": "@sys.location",
        "userDefined": true
      },
      {
        "text": " now",
        "userDefined": false
      }
    ],
    "isTemplate": false,
    "count": 0,
    "updated": 0
  },
  {
    "id": "b6053336-8c79-4e4d-99c4-f86b6fbe4d9d",
    "data": [
      {
        "text": "and in ",
        "userDefined": false
      },
      {
        "text": "London",
        "alias": "location",
        "meta": "@sys.location",
        "userDefined": true
      }
    ],
    "isTemplate": false,
    "count": 0,
    "updated": 0
  },
  {
    "id": "7fbe80de-264e-45f8-b548-e65002d89823",
    "data": [
      {
        "text": "how about ",
        "userDefined": false
      },
      {
        "text": "Hong Kong",
        "alias": "location",
        "meta": "@sys.location",
        "userDefined": true
      }
    ],
    "isTemplate": false,
    "count": 0,
    "updated": 0
  },
  {
    "id": "19110002-a130-4789-939e-f6871c1405c5",
    "data": [
      {
        "text": "check ",
        "userDefined": false
      },
      {
        "text": "Prague",
        "alias": "location",
        "meta": "@sys.location",
        "userDefined": true
      }
    ],
    "isTemplate": false,
    "count": 0,
    "updated": 0
  },
  {
    "id": "243fa52c-8b0a-44a3-a97d-59d52a257409",
    "data": [
      {
        "text": "check ",
        "userDefined": false
      },
      {
        "text": "Madrid",
        "alias": "location",
        "meta": "@sys.location",
        "userDefined": true
      },
      {
        "text": " as well",
        "userDefined": false
      }
    ],
    "isTemplate": false,
    "count": 0,
    "updated": 0
  }
]