[
  {
    "id": "6c95c0ab-f3aa-423c-9a53-55b2d7d8807d",
    "data": [
      {
        "text": "what about ",
        "userDefined": false
      },
      {
        "text": "Monday",
        "alias": "dayofweek",
        "meta": "@dayofweek",
        "userDefined": false
      }
    ],
    "isTemplate": false,
    "count": 0,
    "updated": 0
  },
  {
    "id": "8faf0977-ae1a-4c18-9ade-3a0391154a0c",
    "data": [
      {
        "text": "next Friday",
        "alias": "date",
        "meta": "@sys.date",
        "userDefined": true
      }
    ],
    "isTemplate": false,
    "count": 0,
    "updated": 0
  },
  {
    "id": "a3465c65-c958-4ba1-b912-991f3ca63240",
    "data": [
      {
        "text": "could you check it for ",
        "userDefined": false
      },
      {
        "text": "tomorrow",
        "alias": "date",
        "meta": "@sys.date",
        "userDefined": true
      }
    ],
    "isTemplate": false,
    "count": 0,
    "updated": 0
  },
  {
    "id": "f538f3d4-ddb1-494b-9c96-fa93bc6c62b1",
    "data": [
      {
        "text": "and ",
        "userDefined": false
      },
      {
        "text": "Tuesday",
        "alias": "dayofweek",
        "meta": "@dayofweek",
        "userDefined": true
      }
    ],
    "isTemplate": false,
    "count": 0,
    "updated": 0
  },
  {
    "id": "3c2ec158-365b-46ec-9947-810dad3534e8",
    "data": [
      {
        "text": "now ",
        "userDefined": false
      },
      {
        "text": "Wednesday",
        "alias": "dayofweek",
        "meta": "@dayofweek",
        "userDefined": true
      }
    ],
    "isTemplate": false,
    "count": 0,
    "updated": 0
  },
  {
    "id": "38d7fce5-5fb3-4229-87b4-4e1c292ac659",
    "data": [
      {
        "text": "how about ",
        "userDefined": false
      },
      {
        "text": "Thursday",
        "alias": "dayofweek",
        "meta": "@dayofweek",
        "userDefined": true
      }
    ],
    "isTemplate": false,
    "count": 0,
    "updated": 0
  }
]