[
  {
    "id": "8792eb00-ad0b-4f27-9831-b2312de9df0e",
    "data": [
      {
        "text": "你好",
        "userDefined": false
      }
    ],
    "isTemplate": false,
    "count": 0,
    "updated": 0
  },
  {
    "id": "1c750d17-1505-41f2-912e-c78fa18bec28",
    "data": [
      {
        "text": "喂",
        "userDefined": false
      }
    ],
    "isTemplate": false,
    "count": 0,
    "updated": 0
  },
  {
    "id": "758998de-8ff2-4794-82e0-1a98303aa1e9",
    "data": [
      {
        "text": "嗨",
        "userDefined": false
      }
    ],
    "isTemplate": false,
    "count": 0,
    "updated": 0
  },
  {
    "id": "9593a128-07fe-4a89-9771-8456bd04f6e5",
    "data": [
      {
        "text": "哈啰",
        "userDefined": false
      }
    ],
    "isTemplate": false,
    "count": 0,
    "updated": 0
  },
  {
    "id": "261d888b-8fea-4fe8-ac63-15dbab085d68",
    "data": [
      {
        "text": "嘿",
        "userDefined": false
      }
    ],
    "isTemplate": false,
    "count": 0,
    "updated": 0
  },
  {
    "id": "4da9ac2d-4146-4845-a0c6-3033310fec5a",
    "data": [
      {
        "text": "嗨 你好",
        "userDefined": false
      }
    ],
    "isTemplate": false,
    "count": 0,
    "updated": 0
  },
  {
    "id": "2c1c8213-8765-4467-8750-3ae7049b4e58",
    "data": [
      {
        "text": "嗨宝贝",
        "userDefined": false
      }
    ],
    "isTemplate": false,
    "count": 0,
    "updated": 0
  },
  {
    "id": "ab736a4e-8aea-40da-93a0-a1a51ecd7fe5",
    "data": [
      {
        "text": "嗨蜜糖",
        "userDefined": false
      }
    ],
    "isTemplate": false,
    "count": 0,
    "updated": 0
  },
  {
    "id": "bb475c0d-01d1-4634-839c-e22f08922688",
    "data": [
      {
        "text": "嗨美女",
        "userDefined": false
      }
    ],
    "isTemplate": false,
    "count": 0,
    "updated": 0
  },
  {
    "id": "8abda6d4-a1d8-40ec-a144-dcef6ed49dd3",
    "data": [
      {
        "text": "嗨甜心",
        "userDefined": false
      }
    ],
    "isTemplate": false,
    "count": 0,
    "updated": 0
  },
  {
    "id": "20e10c94-d59d-4181-b446-59cccdf6347f",
    "data": [
      {
        "text": "嗨飞飞",
        "userDefined": false
      }
    ],
    "isTemplate": false,
    "count": 0,
    "updated": 0
  },
  {
    "id": "ac1786d9-2bcf-4c86-8c2e-f989ae47779b",
    "data": [
      {
        "text": "嗨老婆",
        "userDefined": false
      }
    ],
    "isTemplate": false,
    "count": 0,
    "updated": 0
  },
  {
    "id": "c1704240-f988-4cad-bd09-d6c4981920d0",
    "data": [
      {
        "text": "嗨爱人",
        "userDefined": false
      }
    ],
    "isTemplate": false,
    "count": 0,
    "updated": 0
  },
  {
    "id": "6afee70b-dfa8-4564-8eaa-ec503848697f",
    "data": [
      {
        "text": "嗨可爱的",
        "userDefined": false
      }
    ],
    "isTemplate": false,
    "count": 0,
    "updated": 0
  },
  {
    "id": "d6c1ebe3-76b8-46d6-a75e-4238f247aefb",
    "data": [
      {
        "text": "嗨 亲爱的",
        "userDefined": false
      }
    ],
    "isTemplate": false,
    "count": 0,
    "updated": 0
  },
  {
    "id": "4dcc32f3-df5d-4070-af97-483a4dfb301c",
    "data": [
      {
        "text": "嗨你好朋友",
        "userDefined": false
      }
    ],
    "isTemplate": false,
    "count": 0,
    "updated": 0
  },
  {
    "id": "ae87aebb-9dde-4d01-9fd7-4c3aacb55aa4",
    "data": [
      {
        "text": "哈啰老婆",
        "userDefined": false
      }
    ],
    "isTemplate": false,
    "count": 0,
    "updated": 0
  },
  {
    "id": "fcf831a4-acd5-49b2-a55f-6009b0b99bc4",
    "data": [
      {
        "text": "哈啰飞飞",
        "userDefined": false
      }
    ],
    "isTemplate": false,
    "count": 0,
    "updated": 0
  },
  {
    "id": "b0f40bb9-e04a-4399-b708-7b5cde05a476",
    "data": [
      {
        "text": "哈啰宝贝",
        "userDefined": false
      }
    ],
    "isTemplate": false,
    "count": 0,
    "updated": 0
  },
  {
    "id": "c20186d2-0164-43ad-bc0b-45838b76497d",
    "data": [
      {
        "text": "哈啰美女",
        "userDefined": false
      }
    ],
    "isTemplate": false,
    "count": 0,
    "updated": 0
  },
  {
    "id": "90760c17-776f-4813-8374-92abe068ad5b",
    "data": [
      {
        "text": "哈啰甜心",
        "userDefined": false
      }
    ],
    "isTemplate": false,
    "count": 0,
    "updated": 0
  },
  {
    "id": "fdbfee9c-48e7-49ec-a20a-4d2c49d005ff",
    "data": [
      {
        "text": "哈啰朋友",
        "userDefined": false
      }
    ],
    "isTemplate": false,
    "count": 0,
    "updated": 0
  },
  {
    "id": "ccd5192a-67e8-431b-9e4c-11bffb9f1c84",
    "data": [
      {
        "text": "哈啰你好",
        "userDefined": false
      }
    ],
    "isTemplate": false,
    "count": 0,
    "updated": 0
  },
  {
    "id": "466ed581-0022-441d-b5bf-c37e4336d760",
    "data": [
      {
        "text": "哈啰我亲爱的",
        "userDefined": false
      }
    ],
    "isTemplate": false,
    "count": 0,
    "updated": 0
  },
  {
    "id": "e3b674ed-e557-4e68-8d6d-bdc647b57fad",
    "data": [
      {
        "text": "嘿 你好",
        "userDefined": false
      }
    ],
    "isTemplate": false,
    "count": 0,
    "updated": 0
  },
  {
    "id": "56a7b3bc-995f-43a5-bbed-d6aa39dfdccb",
    "data": [
      {
        "text": "嘿老婆",
        "userDefined": false
      }
    ],
    "isTemplate": false,
    "count": 0,
    "updated": 0
  },
  {
    "id": "bb2ecc67-64d4-4e0b-9b6f-3aaa4c2072f3",
    "data": [
      {
        "text": "嘿飞飞",
        "userDefined": false
      }
    ],
    "isTemplate": false,
    "count": 0,
    "updated": 0
  },
  {
    "id": "283625aa-3e80-44ab-8c98-bcb0ac6e09ea",
    "data": [
      {
        "text": "嘿美女",
        "userDefined": false
      }
    ],
    "isTemplate": false,
    "count": 0,
    "updated": 0
  },
  {
    "id": "381c1d30-4bfc-47a6-aa11-0ca805bfb3a7",
    "data": [
      {
        "text": "嘿伙伴",
        "userDefined": false
      }
    ],
    "isTemplate": false,
    "count": 0,
    "updated": 0
  },
  {
    "id": "ccea318a-ce37-4bcb-bd7c-5678c034035a",
    "data": [
      {
        "text": "嘿女孩",
        "userDefined": false
      }
    ],
    "isTemplate": false,
    "count": 0,
    "updated": 0
  },
  {
    "id": "2a97aea1-e7c7-463c-b0b6-a240bb9cf86e",
    "data": [
      {
        "text": "嘿助手",
        "userDefined": false
      }
    ],
    "isTemplate": false,
    "count": 0,
    "updated": 0
  },
  {
    "id": "5f99fbfd-da28-4d33-ba98-4f286eeb0d75",
    "data": [
      {
        "text": "嘿可爱的",
        "userDefined": false
      }
    ],
    "isTemplate": false,
    "count": 0,
    "updated": 0
  },
  {
    "id": "df6dbf46-5c5b-4ee4-921f-05ffb105d0bb",
    "data": [
      {
        "text": "只想给你打个招呼",
        "userDefined": false
      }
    ],
    "isTemplate": false,
    "count": 0,
    "updated": 0
  },
  {
    "id": "8954790c-10e7-4233-8c7b-28c3f4a365ce",
    "data": [
      {
        "text": "美好的一天对吧",
        "userDefined": false
      }
    ],
    "isTemplate": false,
    "count": 0,
    "updated": 0
  },
  {
    "id": "7ec7d252-1add-41ff-9a2c-bdb6465fb583",
    "data": [
      {
        "text": "再一次问好",
        "userDefined": false
      }
    ],
    "isTemplate": false,
    "count": 0,
    "updated": 0
  },
  {
    "id": "bf0ac36e-1d9b-4b21-8a0c-5204b6cb3426",
    "data": [
      {
        "text": "好久不见",
        "userDefined": false
      }
    ],
    "isTemplate": false,
    "count": 0,
    "updated": 0
  },
  {
    "id": "10150a17-7eee-47df-bbe9-669eb5d2fb06",
    "data": [
      {
        "text": "哈喽",
        "userDefined": false
      }
    ],
    "isTemplate": false,
    "count": 0,
    "updated": 0
  },
  {
    "id": "50b6aade-6a76-4b08-a1c4-adb995dbf60b",
    "data": [
      {
        "text": "你好啊",
        "userDefined": false
      }
    ],
    "isTemplate": false,
    "count": 0,
    "updated": 0
  },
  {
    "id": "c1895cea-849d-4ef9-b787-d64e256f2b52",
    "data": [
      {
        "text": "嘿嘿",
        "userDefined": false
      }
    ],
    "isTemplate": false,
    "count": 0,
    "updated": 0
  }
]