[
  {
    "id": "60a0093d-c2d2-45ae-8427-38ac379e835b",
    "data": [
      {
        "text": "久しぶり",
        "userDefined": false
      }
    ],
    "isTemplate": false,
    "count": 0,
    "updated": 0
  },
  {
    "id": "a403e909-5ca7-4e8d-aef7-4311617ac572",
    "data": [
      {
        "text": "今日は",
        "userDefined": false
      }
    ],
    "isTemplate": false,
    "count": 0,
    "updated": 0
  },
  {
    "id": "104ae114-c021-462e-94f0-82e43cba9a9a",
    "data": [
      {
        "text": "こんにちは",
        "userDefined": false
      }
    ],
    "isTemplate": false,
    "count": 0,
    "updated": 0
  },
  {
    "id": "ac53bebc-db26-4762-92cc-2dd86e6b7315",
    "data": [
      {
        "text": "どうも",
        "userDefined": false
      }
    ],
    "isTemplate": false,
    "count": 0,
    "updated": 0
  },
  {
    "id": "28c85ed3-bfc4-40b3-8edf-38b255f10d94",
    "data": [
      {
        "text": "やあ、君",
        "userDefined": false
      }
    ],
    "isTemplate": false,
    "count": 0,
    "updated": 0
  },
  {
    "id": "4bdd6c36-e258-499e-b9fb-f006f534d369",
    "data": [
      {
        "text": "やあ",
        "userDefined": false
      }
    ],
    "isTemplate": false,
    "count": 0,
    "updated": 0
  },
  {
    "id": "8d19a30b-a7b2-4c8b-b447-294414be27db",
    "data": [
      {
        "text": "ご挨拶します",
        "userDefined": false
      }
    ],
    "isTemplate": false,
    "count": 0,
    "updated": 0
  },
  {
    "id": "38635661-f446-45aa-8483-f99674fbed32",
    "data": [
      {
        "text": "はい、こんにちは",
        "userDefined": false
      }
    ],
    "isTemplate": false,
    "count": 0,
    "updated": 0
  },
  {
    "id": "3360dc3e-126f-40b6-935b-eb40fc90169b",
    "data": [
      {
        "text": "皆さん、こんにちは",
        "userDefined": false
      }
    ],
    "isTemplate": false,
    "count": 0,
    "updated": 0
  }
]