[
  {
    "id": "2889829d-7fc4-4e5c-814d-960f9243b905",
    "data": [
      {
        "text": "events",
        "alias": "Events",
        "meta": "@Events",
        "userDefined": false
      }
    ],
    "isTemplate": false,
    "count": 0,
    "updated": 0
  },
  {
    "id": "1d4f2b5d-f321-4866-9374-0f1cacff680a",
    "data": [
      {
        "text": "event",
        "alias": "Events",
        "meta": "@Events",
        "userDefined": false
      }
    ],
    "isTemplate": false,
    "count": 0,
    "updated": 0
  }
]