[
  {
    "id": "f276341a-1beb-4d11-b860-8b11a56e4b3f",
    "data": [
      {
        "text": "CHEC",
        "userDefined": false
      }
    ],
    "isTemplate": false,
    "count": 1,
    "updated": 0
  },
  {
    "id": "d689a794-9147-4a4f-84df-dd8417eeb65f",
    "data": [
      {
        "text": "LHEC",
        "userDefined": false
      }
    ],
    "isTemplate": false,
    "count": 0,
    "updated": 0
  },
  {
    "id": "72ef45d5-e9af-438a-b388-8656b4334906",
    "data": [
      {
        "text": "Lab for Human-Engaged Computing (LHEC)",
        "userDefined": false
      }
    ],
    "isTemplate": false,
    "count": 0,
    "updated": 0
  }
]